-- phpMyAdmin SQL Dump
-- version 4.8.5
-- https://www.phpmyadmin.net/
--
-- Host: 127.0.0.1
-- Generation Time: Jul 02, 2019 at 03:39 AM
-- Server version: 10.1.38-MariaDB
-- PHP Version: 7.3.4

SET SQL_MODE = "NO_AUTO_VALUE_ON_ZERO";
SET AUTOCOMMIT = 0;
START TRANSACTION;
SET time_zone = "+00:00";


/*!40101 SET @OLD_CHARACTER_SET_CLIENT=@@CHARACTER_SET_CLIENT */;
/*!40101 SET @OLD_CHARACTER_SET_RESULTS=@@CHARACTER_SET_RESULTS */;
/*!40101 SET @OLD_COLLATION_CONNECTION=@@COLLATION_CONNECTION */;
/*!40101 SET NAMES utf8mb4 */;

--
-- Database: `stock_planner`
--

-- --------------------------------------------------------

--
-- Table structure for table `categoria`
--

CREATE TABLE `categoria` (
  `id` int(6) NOT NULL,
  `nome` varchar(50) NOT NULL
) ENGINE=InnoDB DEFAULT CHARSET=utf8;

--
-- Dumping data for table `categoria`
--

INSERT INTO `categoria` (`id`, `nome`) VALUES
(96, 'doisTeste'),
(97, 'lelea'),
(98, 'Consumo');

-- --------------------------------------------------------

--
-- Table structure for table `emprestimo`
--

CREATE TABLE `emprestimo` (
  `nome` varchar(100) NOT NULL,
  `ra` int(11) DEFAULT NULL,
  `dataEmprestimo` date NOT NULL,
  `email` varchar(60) NOT NULL,
  `documento` varchar(13) NOT NULL,
  `idProduto` int(6) NOT NULL,
  `quantidade` int(6) NOT NULL,
  `idEmprestimo` int(7) NOT NULL
) ENGINE=InnoDB DEFAULT CHARSET=utf8;

-- --------------------------------------------------------

--
-- Table structure for table `produtos`
--

CREATE TABLE `produtos` (
  `nome` varchar(100) NOT NULL,
  `descricao` text,
  `identificacao` varchar(50) NOT NULL,
  `categoria` int(6) DEFAULT NULL,
  `posicao` varchar(3) NOT NULL,
  `estoque_ideal` int(6) NOT NULL,
  `id` int(6) NOT NULL
) ENGINE=InnoDB DEFAULT CHARSET=utf8;

--
-- Dumping data for table `produtos`
--

INSERT INTO `produtos` (`nome`, `descricao`, `identificacao`, `categoria`, `posicao`, `estoque_ideal`, `id`) VALUES
('lasishkjfdda', 'kets', 'asdadssa', 97, 'A12', 140, 1),
('BARRA DE PINOS 1X40 VIAS, MACHO, 11,2MM 180 GRAUS, PASSO 2,54MM', 'BARRA DE PINOS 1X40 VIAS, MACHO, 11,2MM 180 GRAUS, PASSO 2,54MM', '2', 98, '2', 50, 2),
('BARRA DE PINOS TORNEADO FÊMEA - 180 GRAUS', 'BARRA DE PINOS TORNEADO FÊMEA - 180 GRAUS', '3', 98, '2', 50, 3),
('BARRA DE PINOS ESTAMPADO FÊMEA - 1X40 - 180 GRAUS', 'BARRA DE PINOS ESTAMPADO FÊMEA - 1X40 - 180 GRAUS', '4', 98, '2', 50, 4),
('BARRA DE PINOS ESTAMPADO FÊMEA - 2X40 - 90 GRAUS', 'BARRA DE PINOS ESTAMPADO FÊMEA - 2X40 - 90 GRAUS', '5', 98, '2', 50, 5),
('BARRA DE PINOS MACHO - 2X40 - 90 GRAUS', 'BARRA DE PINOS MACHO - 2X40 - 90 GRAUS', '6', 98, '2', 50, 6),
('MINI JUMPER', 'MINI JUMPER', '7', 98, '2', 100, 7),
('SOQUETE TORNEADO - 8 PINOS', 'SOQUETE TORNEADO - 8 PINOS', '8', 98, '2', 50, 8),
('SOQUETE TORNEADO - 14 PINOS', 'SOQUETE TORNEADO - 14 PINOS', '9', 98, '2', 50, 9),
('SOQUETE TORNEADO - 28 PINOS', 'SOQUETE TORNEADO - 28 PINOS', '10', 98, '2', 50, 10),
('SOQUETE TORNEADO - 40 PINOS', 'SOQUETE TORNEADO - 40 PINOS', '11', 98, '2', 50, 11),
('SOQUETE ESTAMPADO - 28 PINOS', 'SOQUETE ESTAMPADO - 28 PINOS', '12', 98, '2', 50, 12),
('SOQUETE ESTAMPADO - 40 PINOS', 'SOQUETE ESTAMPADO - 40 PINOS', '13', 98, '2', 50, 13),
('BATERIA 12V – 7,2AH – AJAX', 'BATERIA 12V – 7,2AH – AJAX', '14', 98, '2', 0, 14),
('BATERIA CAPACITIVA 50F / 22AH -PYLE LINK', 'BATERIA CAPACITIVA 50F / 22AH -PYLE LINK', '15', 98, '2', 0, 15),
('RELÉ - 5 PINOS -12Vcc - 20A', 'RELÉ - 5 PINOS -12Vcc - 20A', '16', 98, '2', 50, 16),
('RELÉ - 8 PINOS - 5Vcc - 1A', 'RELÉ - 8 PINOS - 5Vcc - 1A', '17', 98, '2', 50, 17),
('BORNE BANANA AMARELO 4mm', 'BORNE BANANA AMARELO 4mm', '18', 98, '2', 50, 18),
('BORNE BANANA VERDE 4mm', 'BORNE BANANA VERDE 4mm', '19', 98, '2', 50, 19),
('BORNE BANANA VERMELHO 4mm', 'BORNE BANANA VERMELHO 4mm', '20', 98, '2', 50, 20),
('BUCHA PLÁSTICA ISOLANTE DE PASSAGEM DE PARAFUSO PARA TO220', 'BUCHA PLÁSTICA ISOLANTE DE PASSAGEM DE PARAFUSO PARA TO220', '21', 98, '2', 50, 21),
('CAPAC ELETRO 100UFX25V (NAO SMD)', 'CAPAC ELETRO 100UFX25V (NAO SMD)', '22', 98, '2', 100, 22),
('CAPAC ELETRO 100UFX63V (NAO SMD)', 'CAPAC ELETRO 100UFX63V (NAO SMD)', '23', 98, '2', 100, 23),
('CAPAC ELETRO 100µFX50V (NAO SMD)', 'CAPAC ELETRO 100µFX50V (NAO SMD)', '24', 98, '2', 100, 24),
('CAPAC ELETRO 10UFX50V (NAO SMD)', 'CAPAC ELETRO 10UFX50V (NAO SMD)', '25', 98, '2', 100, 25),
('CAPAC ELETRO 10X63V (NAO SMD)', 'CAPAC ELETRO 10X63V (NAO SMD)', '26', 98, '2', 100, 26),
('CAPAC ELETRO 1UFX100V (NAO SMD)', 'CAPAC ELETRO 1UFX100V (NAO SMD)', '27', 98, '2', 100, 27),
('CAPAC ELETRO 2,2UFX63V (NÃO SMD)', 'CAPAC ELETRO 2,2UFX63V (NÃO SMD)', '28', 98, '2', 100, 28),
('CAPAC ELETRO 4,7UFX25V (NAO SMD)', 'CAPAC ELETRO 4,7UFX25V (NAO SMD)', '29', 98, '2', 100, 29),
('CAPAC ELETRO 4,7UFX63V (NAO SMD)', 'CAPAC ELETRO 4,7UFX63V (NAO SMD)', '30', 98, '2', 100, 30),
('CAPAC ELETRO 47UFX50V (NAO SMD)', 'CAPAC ELETRO 47UFX50V (NAO SMD)', '31', 98, '2', 100, 31),
('CAPACITOR CERÂMICO/POLIÉTER 250V – 1UF', 'CAPACITOR CERÂMICO/POLIÉTER 250V – 1UF', '32', 98, '2', 100, 32),
('CAPACITOR CERÂMICO/POLIÉTER 250V – 220NF', 'CAPACITOR CERÂMICO/POLIÉTER 250V – 220NF', '33', 98, '2', 100, 33),
('CAPACITOR CERÂMICO/POLIÉTER 250V – 22NF', 'CAPACITOR CERÂMICO/POLIÉTER 250V – 22NF', '34', 98, '2', 100, 34),
('CAPACITOR CERÂMICO/POLIÉTER 250V – 33NF', 'CAPACITOR CERÂMICO/POLIÉTER 250V – 33NF', '35', 98, '2', 100, 35),
('CAPACITOR CERÂMICO/POLIÉTER 250V – 470NF', 'CAPACITOR CERÂMICO/POLIÉTER 250V – 470NF', '36', 98, '2', 100, 36),
('CAPACITOR CERÂMICO/POLIÉTER 400V – 330NF', 'CAPACITOR CERÂMICO/POLIÉTER 400V – 330NF', '37', 98, '2', 100, 37),
('CAPACITOR DE CERÂMICA - DISCO – 250V – 100NF', 'CAPACITOR DE CERÂMICA - DISCO – 250V – 100NF', '38', 98, '2', 100, 38),
('CAPACITOR DE CERÂMICA - DISCO – 250V – 100PF', 'CAPACITOR DE CERÂMICA - DISCO – 250V – 100PF', '39', 98, '2', 100, 39),
('CAPACITOR DE CERÂMICA - DISCO – 250V – 10NF', 'CAPACITOR DE CERÂMICA - DISCO – 250V – 10NF', '40', 98, '2', 100, 40),
('CAPACITOR DE CERÂMICA - DISCO – 250V – 1NF', 'CAPACITOR DE CERÂMICA - DISCO – 250V – 1NF', '41', 98, '2', 100, 41),
('CAPACITOR DE CERÂMICA - DISCO – 250V – 22PF', 'CAPACITOR DE CERÂMICA - DISCO – 250V – 22PF', '42', 98, '2', 100, 42),
('CAPACITOR DE CERÂMICA - DISCO – 250V – 4,7NF', 'CAPACITOR DE CERÂMICA - DISCO – 250V – 4,7NF', '43', 98, '2', 100, 43),
('CAPACITOR ELETROLÍTICO - 100V – 0,47UF', 'CAPACITOR ELETROLÍTICO - 100V – 0,47UF', '44', 98, '2', 100, 44),
('CAPACITOR ELETROLÍTICO - 250V – 1000UF', 'CAPACITOR ELETROLÍTICO - 250V – 1000UF', '45', 98, '2', 10, 45),
('CAPACITOR ELETROLÍTICO - 400V – 470UF', 'CAPACITOR ELETROLÍTICO - 400V – 470UF', '46', 98, '2', 10, 46),
('CAPACITOR ELETROLÍTICO - 50V – 1000UF', 'CAPACITOR ELETROLÍTICO - 50V – 1000UF', '47', 98, '2', 100, 47),
('CAPACITOR ELETROLÍTICO - 50V – 4,7UF', 'CAPACITOR ELETROLÍTICO - 50V – 4,7UF', '48', 98, '2', 0, 48),
('CAPACITOR ELETROLÍTICO - 50V – 470UF', 'CAPACITOR ELETROLÍTICO - 50V – 470UF', '49', 98, '2', 100, 49),
('CAPACITOR ELETROLÍTICO - 50V – 47UF', 'CAPACITOR ELETROLÍTICO - 50V – 47UF', '50', 98, '2', 0, 50),
('CIRCUITO INTEGRADO 40106 - Hex inverting Schmitt trigger', 'CIRCUITO INTEGRADO 40106 - Hex inverting Schmitt trigger', '51', 98, '2', 200, 51),
('CIRCUITO INTEGRADO TTL - 74LS174 - Hex/Quad D-Type Flip-Flop with Clear', 'CIRCUITO INTEGRADO TTL - 74LS174 - Hex/Quad D-Type Flip-Flop with Clear', '52', 98, '2', 200, 52),
('CIRCUITO INTEGRADO TTL - 74LS47 - BCD to 7 Segments', 'CIRCUITO INTEGRADO TTL - 74LS47 - BCD to 7 Segments', '53', 98, '2', 200, 53),
('CIRCUITO INTEGRADO TTL - 74LS74 - Dual D-Type Flip Flop with Preset and Clear', 'CIRCUITO INTEGRADO TTL - 74LS74 - Dual D-Type Flip Flop with Preset and Clear', '54', 98, '2', 200, 54),
('CIRCUITO INTEGRADO CD4071 - Quad 2-Input OR', 'CIRCUITO INTEGRADO CD4071 - Quad 2-Input OR', '55', 98, '2', 200, 55),
('CIRCUITO INTEGRADO CD4081 - Quad 2-Input AND', 'CIRCUITO INTEGRADO CD4081 - Quad 2-Input AND', '56', 98, '2', 200, 56),
('CIRCUITO INTEGRADO CD4093 - Quad 2-Input NAND Schmitt Trigger', 'CIRCUITO INTEGRADO CD4093 - Quad 2-Input NAND Schmitt Trigger', '57', 98, '2', 200, 57),
('CIRCUITO INTEGRADO LM318', 'CIRCUITO INTEGRADO LM318', '58', 98, '2', 200, 58),
('CIRCUITO INTEGRADO LM319N', 'CIRCUITO INTEGRADO LM319N', '59', 98, '2', 200, 59),
('CIRCUITO INTEGRADO LM555', 'CIRCUITO INTEGRADO LM555', '60', 98, '2', 200, 60),
('CIRCUITO INTEGRADO NE555', 'CIRCUITO INTEGRADO NE555', '61', 98, '2', 200, 61),
('CIRCUITO INTEGRADO LM741', 'CIRCUITO INTEGRADO LM741', '62', 98, '2', 200, 62),
('CIRCUITO INTEGRADO 741', 'CIRCUITO INTEGRADO 741', '63', 98, '2', 200, 63),
('CIRCUITO INTEGRADO NE556 (LM 556)', 'CIRCUITO INTEGRADO NE556 (LM 556)', '64', 98, '2', 200, 64),
('CIRCUITO INTEGRADO SG3524 - REGULATING PULSE WIDTH MODULATORS', 'CIRCUITO INTEGRADO SG3524 - REGULATING PULSE WIDTH MODULATORS', '65', 98, '2', 200, 65),
('CIRCUITO INTEGRADO C3751PS ', 'CIRCUITO INTEGRADO C3751PS', '66', 98, '2', 200, 66),
('CIRCUITO INTEGRADO TL072', 'CIRCUITO INTEGRADO TL072', '67', 98, '2', 200, 67),
('CIRCUITO INTEGRADO TL074', 'CIRCUITO INTEGRADO TL074', '68', 98, '2', 200, 68),
('AMP. OP. INSTRUMENTAÇÃO - INA129P', 'AMP. OP. INSTRUMENTAÇÃO - INA129P', '69', 98, '2', 200, 69),
('CIRCUITO INTEGRADO - VA74ICN', 'CIRCUITO INTEGRADO - VA74ICN', '70', 98, '2', 200, 70),
('CIRCUITO INTEGRADO - CD4510', 'CIRCUITO INTEGRADO - CD4510', '71', 98, '2', 200, 71),
('CIRCUITO INTEGRADO - CD4511', 'CIRCUITO INTEGRADO - CD4511', '72', 98, '2', 200, 72),
('CIRCUITO INTEGRADO UA741CN', 'CIRCUITO INTEGRADO UA741CN', '73', 98, '2', 200, 73),
('CONECTOR RJ-45', 'CONECTOR RJ-45', '74', 98, '2', 0, 74),
('CONECTOR USB (PADRÃO B – FÊMEA) - 4 PINOS', 'CONECTOR USB (PADRÃO B – FÊMEA) - 4 PINOS', '75', 98, '2', 100, 75),
('DIODO 1N4007', 'DIODO 1N4007', '76', 98, '2', 100, 76),
('DIODO 1N4148', 'DIODO 1N4148', '77', 98, '2', 100, 77),
('DIODO 1N5408', 'DIODO 1N5408', '78', 98, '2', 100, 78),
('DIODO 1N5704', 'DIODO 1N5704', '79', 98, '2', 100, 79),
('DIODO 6,8V', 'DIODO 6,8V', '80', 98, '2', 100, 80),
('DIODO ZENER 1,3W 51V', 'DIODO ZENER 1,3W 51V', '81', 98, '2', 100, 81),
('DIODO ZENER 3V9 1/2W', 'DIODO ZENER 3V9 1/2W', '82', 98, '2', 100, 82),
('DIODO ZENER 9V1 1/2W', 'DIODO ZENER 9V1 1/2W', '83', 98, '2', 100, 83),
('DIODO ZENNER 1N4739 9,1V', 'DIODO ZENNER 1N4739 9,1V', '84', 98, '2', 100, 84),
('DIODO ZENNER 4,3V', 'DIODO ZENNER 4,3V', '85', 98, '2', 100, 85),
('DISPLAY 7 SEGUIMENTOS ANODO COMUM', 'DISPLAY 7 SEGUIMENTOS ANODO COMUM', '86', 98, '2', 100, 86),
('DISPLAY 7 SEGUIMENTOS CATODO COMUM', 'DISPLAY 7 SEGUIMENTOS CATODO COMUM', '87', 98, '2', 100, 87),
('FUSÍVEL DE VIDRO 5x20 0,25A', 'FUSÍVEL DE VIDRO 5x20 0,25A', '88', 98, '2', 500, 88),
('FUSÍVEL DE VIDRO 5x20 0,5A', 'FUSÍVEL DE VIDRO 5x20 0,5A', '89', 98, '2', 100, 89),
('FUSÍVEL DE VIDRO 5x20 1A', 'FUSÍVEL DE VIDRO 5x20 1A', '90', 98, '2', 100, 90),
('FUSÍVEL DE VIDRO 5x20 1,6A', 'FUSÍVEL DE VIDRO 5x20 1,6A', '91', 98, '2', 100, 91),
('FUSÍVEL DE VIDRO 5x20 5A', 'FUSÍVEL DE VIDRO 5x20 5A', '92', 98, '2', 100, 92),
('FUSÍVEL DE VIDRO 5x20 6A', 'FUSÍVEL DE VIDRO 5x20 6A', '93', 98, '2', 100, 93),
('FUSÍVEL DE VIDRO 5x20 7A', 'FUSÍVEL DE VIDRO 5x20 7A', '94', 98, '2', 100, 94),
('FUSÍVEL DE VIDRO 6x20 10A', 'FUSÍVEL DE VIDRO 6x20 10A', '95', 98, '2', 100, 95),
('FUSÍVEL DE VIDRO 6x30 10A', 'FUSÍVEL DE VIDRO 6x30 10A', '96', 98, '2', 0, 96),
('FUSÍVEL DE VIDRO 6x30 1A', 'FUSÍVEL DE VIDRO 6x30 1A', '97', 98, '2', 100, 97),
('FUSÍVEL DE VIDRO 6x30 5A', 'FUSÍVEL DE VIDRO 6x30 5A', '98', 98, '2', 0, 98),
('INDUTORES', 'INDUTORES', '99', 98, '2', 0, 99),
('ISOLADOR MICA SINTETICA TO-220 COM FURO - REF. IMPLASTEC SILGLASS CINZA', 'ISOLADOR MICA SINTETICA TO-220 COM FURO - REF. IMPLASTEC SILGLASS CINZA', '100', 98, '2', 100, 100),
('LCD 2X16 VERDE SEM BACKLIGHT', 'LCD 2X16 VERDE SEM BACKLIGHT', '101', 98, '2', 50, 101),
('LED 3MM – AMARELO', 'LED 3MM – AMARELO', '102', 98, '2', 200, 102),
('LED 3MM – VERMELHO', 'LED 3MM – VERMELHO', '103', 98, '2', 200, 103),
('LED 5MM - BICOLOR', 'LED 5MM - BICOLOR', '104', 98, '2', 200, 104),
('LED 5MM – AMARELO', 'LED 5MM – AMARELO', '105', 98, '2', 200, 105),
('LED EMISSOR DE INFRA-VERMELHO – TIL32 - 2,5MM', 'LED EMISSOR DE INFRA-VERMELHO – TIL32 - 2,5MM', '106', 98, '2', 200, 106),
('LED EMISSOR DE INFRA-VERMELHO – TIL32 - 5MM', 'LED EMISSOR DE INFRA-VERMELHO – TIL32 - 5MM', '107', 98, '2', 200, 107),
('LED VERDE 5mm', 'LED VERDE 5mm', '108', 98, '2', 200, 108),
('LED VERMELHO 5mm', 'LED VERMELHO 5mm', '109', 98, '2', 200, 109),
('MANTA SILICONE PRENSA TERMICA 1MM 50X50', 'MANTA SILICONE PRENSA TERMICA 1MM 50X50', '110', 98, '2', 0, 110),
('MICROCONTROLADOR - PIC18F2550 (SPDIP)', 'MICROCONTROLADOR - PIC18F2550 (SPDIP)', '111', 98, '2', 50, 111),
('MICROCONTROLADOR – PIC18F4550 (PDIP)', 'MICROCONTROLADOR – PIC18F4550 (PDIP)', '112', 98, '2', 50, 112),
('MICROCONTROLADOR - ATMEGA 328P-PU', 'MICROCONTROLADOR - ATMEGA 328P-PU', '113', 98, '2', 50, 113),
('MICROFONE ELETRETO 2 TERMINAIS 10X7', 'MICROFONE ELETRETO 2 TERMINAIS 10X7', '114', 98, '2', 100, 114),
('PERCLORETO DE FERRO PÓ PARA SOLUÇÃO DE CORROSÃO PCI – 500G', 'PERCLORETO DE FERRO PÓ PARA SOLUÇÃO DE CORROSÃO PCI – 500G', '115', 98, '2', 10, 115),
('PLACA DE CIRCUITO IMPRESSO DE FENOLITE VIRGEM SIMPLES 10X20CM', 'PLACA DE CIRCUITO IMPRESSO DE FENOLITE VIRGEM SIMPLES 10X20CM', '116', 98, '2', 50, 116),
('Flip Flop JK CMOS – CD4027BE ', 'Flip Flop JK CMOS – CD4027BE', '117', 98, '2', 200, 117),
('PORTA LÓGICA CMOS - 74HC00 - NAND', 'PORTA LÓGICA CMOS - 74HC00 - NAND', '118', 98, '2', 200, 118),
('PORTA LÓGICA TTL – 74LS00 - NAND', 'PORTA LÓGICA TTL – 74LS00 - NAND', '119', 98, '2', 200, 119),
('PORTA LÓGICA CMOS - 74HC02 - NOR', 'PORTA LÓGICA CMOS - 74HC02 - NOR', '120', 98, '2', 200, 120),
('PORTA LÓGICA TTL – 74LS02 - NOR', 'PORTA LÓGICA TTL – 74LS02 - NOR', '121', 98, '2', 200, 121),
('PORTA LÓGICA CMOS - 74HC04 - NOT', 'PORTA LÓGICA CMOS - 74HC04 - NOT', '122', 98, '2', 200, 122),
('PORTA LÓGICA TTL – 74LS04 - NOT', 'PORTA LÓGICA TTL – 74LS04 - NOT', '123', 98, '2', 200, 123),
('PORTA LÓGICA CMOS - 74HC08 - AND', 'PORTA LÓGICA CMOS - 74HC08 - AND', '124', 98, '2', 200, 124),
('PORTA LÓGICA TTL – 74LS08 - AND', 'PORTA LÓGICA TTL – 74LS08 - AND', '125', 98, '2', 200, 125),
('PORTA LÓGICA CMOS - 74HC32 - OR', 'PORTA LÓGICA CMOS - 74HC32 - OR', '126', 98, '2', 200, 126),
('PORTA LÓGICA TTL – 74LS32 - OR', 'PORTA LÓGICA TTL – 74LS32 - OR', '127', 98, '2', 200, 127),
('PORTA LÓGICA TTL – 74LS76 - JK FLIP-FLOPS WITH SET AND CLEAR', 'PORTA LÓGICA TTL – 74LS76 - JK FLIP-FLOPS WITH SET AND CLEAR', '128', 98, '2', 200, 128),
('PORTA LÓGICA CMOS - 74HC157 - SELECTOR/MULTIPLEXER', 'PORTA LÓGICA CMOS - 74HC157 - SELECTOR/MULTIPLEXER', '129', 98, '2', 200, 129),
('PORTA LÓGICA CMOS - 74HC138 DECODER/DEMULTIPLEXER', 'PORTA LÓGICA CMOS - 74HC138 DECODER/DEMULTIPLEXER', '130', 98, '2', 200, 130),
('POTENCIOMETRO 10K?', 'POTENCIOMETRO 10K?', '131', 98, '2', 200, 131),
('POTENCIOMETRO 1K?', 'POTENCIOMETRO 1K?', '132', 98, '2', 200, 132),
('POTENCIOMETRO 100K?', 'POTENCIOMETRO 100K?', '133', 98, '2', 200, 133),
('POTENCIÔMETRO LINEAR 1 VOLTA 1/8\" – 100K', 'POTENCIÔMETRO LINEAR 1 VOLTA 1/8\" – 100K', '134', 98, '2', 50, 134),
('POTENCIÔMETRO LINEAR 1 VOLTA 1/8\" – 1K', 'POTENCIÔMETRO LINEAR 1 VOLTA 1/8\" – 1K', '135', 98, '2', 50, 135),
('POTENCIÔMETRO LINEAR 1 VOLTA 1/8\" – 5K', 'POTENCIÔMETRO LINEAR 1 VOLTA 1/8\" – 5K', '136', 98, '2', 50, 136),
('POTENCIÔMETRO LINEAR 1 VOLTA 1/8\" – 10K', 'POTENCIÔMETRO LINEAR 1 VOLTA 1/8\" – 10K', '137', 98, '2', 50, 137),
('POTENCIÔMETRO LINEAR 1 VOLTA 1/8\" – 50K', 'POTENCIÔMETRO LINEAR 1 VOLTA 1/8\" – 50K', '138', 98, '2', 50, 138),
('POTENCIÔMETRO LINEAR 1 VOLTA 1/8\" – 200K', 'POTENCIÔMETRO LINEAR 1 VOLTA 1/8\" – 200K', '139', 98, '2', 50, 139),
('POTENCIÔMETRO LINEAR 1 VOLTA 1/8\" – 500K', 'POTENCIÔMETRO LINEAR 1 VOLTA 1/8\" – 500K', '140', 98, '2', 50, 140),
('POTENCIÔMETRO LINEAR 1 VOLTA 1/8\" – 1M', 'POTENCIÔMETRO LINEAR 1 VOLTA 1/8\" – 1M', '141', 98, '2', 50, 141),
('REGULADOR DE TENSÃO – 7805', 'REGULADOR DE TENSÃO – 7805', '142', 98, '2', 100, 142),
('REGULADOR DE TENSÃO – 7809', 'REGULADOR DE TENSÃO – 7809', '143', 98, '2', 100, 143),
('REGULADOR DE TENSÃO – 7812', 'REGULADOR DE TENSÃO – 7812', '144', 98, '2', 100, 144),
('REGULADOR DE TENSÃO – 7815', 'REGULADOR DE TENSÃO – 7815', '145', 98, '2', 100, 145),
('REGULADOR DE TENSÃO – 7905', 'REGULADOR DE TENSÃO – 7905', '146', 98, '2', 100, 146),
('REGULADOR DE TENSÃO – 7909', 'REGULADOR DE TENSÃO – 7909', '147', 98, '2', 100, 147),
('REGULADOR DE TENSÃO – 7912', 'REGULADOR DE TENSÃO – 7912', '148', 98, '2', 100, 148),
('REGULADOR DE TENSÃO – LM1117', 'REGULADOR DE TENSÃO – LM1117', '149', 98, '2', 100, 149),
('REGULADOR DE TENSÃO – LM317', 'REGULADOR DE TENSÃO – LM317', '150', 98, '2', 100, 150),
('REGULADOR DE TENSÃO – LM337', 'REGULADOR DE TENSÃO – LM337', '151', 98, '2', 100, 151),
('RESISTOR DE CARBONO - 1/2W – 100K?', 'RESISTOR DE CARBONO - 1/2W – 100K?', '152', 98, '2', 500, 152),
('RESISTOR DE CARBONO - 1/2W – 100?', 'RESISTOR DE CARBONO - 1/2W – 100?', '153', 98, '2', 500, 153),
('RESISTOR DE CARBONO - 1/2W – 10K?', 'RESISTOR DE CARBONO - 1/2W – 10K?', '154', 98, '2', 500, 154),
('RESISTOR DE CARBONO - 1/2W – 150?', 'RESISTOR DE CARBONO - 1/2W – 150?', '155', 98, '2', 500, 155),
('RESISTOR DE CARBONO - 1/2W – 1K?', 'RESISTOR DE CARBONO - 1/2W – 1K?', '156', 98, '2', 500, 156),
('RESISTOR DE CARBONO - 1/2W – 2,7K?', 'RESISTOR DE CARBONO - 1/2W – 2,7K?', '157', 98, '2', 500, 157),
('RESISTOR DE CARBONO - 1/2W – 22K?', 'RESISTOR DE CARBONO - 1/2W – 22K?', '158', 98, '2', 500, 158),
('RESISTOR DE CARBONO - 1/2W – 330?', 'RESISTOR DE CARBONO - 1/2W – 330?', '159', 98, '2', 500, 159),
('RESISTOR DE CARBONO - 1/2W – 38K?', 'RESISTOR DE CARBONO - 1/2W – 38K?', '160', 98, '2', 500, 160),
('RESISTOR DE CARBONO - 1/2W – 6,8K?', 'RESISTOR DE CARBONO - 1/2W – 6,8K?', '161', 98, '2', 500, 161),
('RESISTOR DE CARBONO - 1/2W – 8,2K?', 'RESISTOR DE CARBONO - 1/2W – 8,2K?', '162', 98, '2', 500, 162),
('RESISTOR DE CARBONO - 5W – 100?', 'RESISTOR DE CARBONO - 5W – 100?', '163', 98, '2', 100, 163),
('RESISTOR DE CARBONO - 5W – 10?', 'RESISTOR DE CARBONO - 5W – 10?', '164', 98, '2', 100, 164),
('RESISTOR DE CARBONO - 5W – 1K?', 'RESISTOR DE CARBONO - 5W – 1K?', '165', 98, '2', 100, 165),
('RESISTOR DE CARBONO – 1/2W - 1M?', 'RESISTOR DE CARBONO – 1/2W - 1M?', '166', 98, '2', 500, 166),
('RESISTOR DE CARBONO – 1/2W – 1,2K?', 'RESISTOR DE CARBONO – 1/2W – 1,2K?', '167', 98, '2', 500, 167),
('RESISTOR DE CARBONO – 1/2W – 1,5K?', 'RESISTOR DE CARBONO – 1/2W – 1,5K?', '168', 98, '2', 500, 168),
('RESISTOR DE CARBONO – 1/2W – 1,5M?', 'RESISTOR DE CARBONO – 1/2W – 1,5M?', '169', 98, '2', 100, 169),
('RESISTOR DE CARBONO – 1/2W – 1,5?', 'RESISTOR DE CARBONO – 1/2W – 1,5?', '170', 98, '2', 500, 170),
('RESISTOR DE CARBONO – 1/2W – 1,8K?', 'RESISTOR DE CARBONO – 1/2W – 1,8K?', '171', 98, '2', 500, 171),
('RESISTOR DE CARBONO – 1/2W – 10?', 'RESISTOR DE CARBONO – 1/2W – 10?', '172', 98, '2', 500, 172),
('RESISTOR DE CARBONO – 1/2W – 120K?', 'RESISTOR DE CARBONO – 1/2W – 120K?', '173', 98, '2', 500, 173),
('RESISTOR DE CARBONO – 1/2W – 120?', 'RESISTOR DE CARBONO – 1/2W – 120?', '174', 98, '2', 500, 174),
('RESISTOR DE CARBONO – 1/2W – 12K?', 'RESISTOR DE CARBONO – 1/2W – 12K?', '175', 98, '2', 500, 175),
('RESISTOR DE CARBONO – 1/2W – 12?', 'RESISTOR DE CARBONO – 1/2W – 12?', '176', 98, '2', 500, 176),
('RESISTOR DE CARBONO – 1/2W – 150K?', 'RESISTOR DE CARBONO – 1/2W – 150K?', '177', 98, '2', 500, 177),
('RESISTOR DE CARBONO – 1/2W – 15K?', 'RESISTOR DE CARBONO – 1/2W – 15K?', '178', 98, '2', 500, 178),
('RESISTOR DE CARBONO – 1/2W – 15?', 'RESISTOR DE CARBONO – 1/2W – 15?', '179', 98, '2', 500, 179),
('RESISTOR DE CARBONO – 1/2W – 180K?', 'RESISTOR DE CARBONO – 1/2W – 180K?', '180', 98, '2', 500, 180),
('RESISTOR DE CARBONO – 1/2W – 180?', 'RESISTOR DE CARBONO – 1/2W – 180?', '181', 98, '2', 500, 181),
('RESISTOR DE CARBONO – 1/2W – 18K?', 'RESISTOR DE CARBONO – 1/2W – 18K?', '182', 98, '2', 500, 182),
('RESISTOR DE CARBONO – 1/2W – 18?', 'RESISTOR DE CARBONO – 1/2W – 18?', '183', 98, '2', 500, 183),
('RESISTOR DE CARBONO – 1/2W – 1?', 'RESISTOR DE CARBONO – 1/2W – 1?', '184', 98, '2', 500, 184),
('RESISTOR DE CARBONO – 1/2W – 2,2K?', 'RESISTOR DE CARBONO – 1/2W – 2,2K?', '185', 98, '2', 500, 185),
('RESISTOR DE CARBONO – 1/2W – 2,2M?', 'RESISTOR DE CARBONO – 1/2W – 2,2M?', '186', 98, '2', 500, 186),
('RESISTOR DE CARBONO – 1/2W – 2,2?', 'RESISTOR DE CARBONO – 1/2W – 2,2?', '187', 98, '2', 500, 187),
('RESISTOR DE CARBONO – 1/2W – 220K?', 'RESISTOR DE CARBONO – 1/2W – 220K?', '188', 98, '2', 500, 188),
('RESISTOR DE CARBONO – 1/2W – 220?', 'RESISTOR DE CARBONO – 1/2W – 220?', '189', 98, '2', 500, 189),
('RESISTOR DE CARBONO – 1/2W – 22?', 'RESISTOR DE CARBONO – 1/2W – 22?', '190', 98, '2', 500, 190),
('RESISTOR DE CARBONO – 1/2W – 270K?', 'RESISTOR DE CARBONO – 1/2W – 270K?', '191', 98, '2', 500, 191),
('RESISTOR DE CARBONO – 1/2W – 270?', 'RESISTOR DE CARBONO – 1/2W – 270?', '192', 98, '2', 500, 192),
('RESISTOR DE CARBONO – 1/2W – 27K?', 'RESISTOR DE CARBONO – 1/2W – 27K?', '193', 98, '2', 500, 193),
('RESISTOR DE CARBONO – 1/2W – 30K?', 'RESISTOR DE CARBONO – 1/2W – 30K?', '194', 98, '2', 500, 194),
('RESISTOR DE CARBONO – 1/2W – 27?', 'RESISTOR DE CARBONO – 1/2W – 27?', '195', 98, '2', 500, 195),
('RESISTOR DE CARBONO – 1/2W – 3,3K?', 'RESISTOR DE CARBONO – 1/2W – 3,3K?', '196', 98, '2', 500, 196),
('RESISTOR DE CARBONO – 1/2W – 3,3M?', 'RESISTOR DE CARBONO – 1/2W – 3,3M?', '197', 98, '2', 500, 197),
('RESISTOR DE CARBONO – 1/2W – 3,3?', 'RESISTOR DE CARBONO – 1/2W – 3,3?', '198', 98, '2', 500, 198),
('RESISTOR DE CARBONO – 1/2W – 3,9K?', 'RESISTOR DE CARBONO – 1/2W – 3,9K?', '199', 98, '2', 500, 199),
('RESISTOR DE CARBONO – 1/2W – 330K?', 'RESISTOR DE CARBONO – 1/2W – 330K?', '200', 98, '2', 500, 200),
('RESISTOR DE CARBONO – 1/2W – 33K?', 'RESISTOR DE CARBONO – 1/2W – 33K?', '201', 98, '2', 500, 201),
('RESISTOR DE CARBONO – 1/2W – 33?', 'RESISTOR DE CARBONO – 1/2W – 33?', '202', 98, '2', 500, 202),
('RESISTOR DE CARBONO – 1/2W – 390K?', 'RESISTOR DE CARBONO – 1/2W – 390K?', '203', 98, '2', 500, 203),
('RESISTOR DE CARBONO – 1/2W – 390?', 'RESISTOR DE CARBONO – 1/2W – 390?', '204', 98, '2', 500, 204),
('RESISTOR DE CARBONO – 1/2W – 39K?', 'RESISTOR DE CARBONO – 1/2W – 39K?', '205', 98, '2', 500, 205),
('RESISTOR DE CARBONO – 1/2W – 39?', 'RESISTOR DE CARBONO – 1/2W – 39?', '206', 98, '2', 500, 206),
('RESISTOR DE CARBONO – 1/2W – 4,7K?', 'RESISTOR DE CARBONO – 1/2W – 4,7K?', '207', 98, '2', 500, 207),
('RESISTOR DE CARBONO – 1/2W – 4,7M?', 'RESISTOR DE CARBONO – 1/2W – 4,7M?', '208', 98, '2', 500, 208),
('RESISTOR DE CARBONO – 1/2W – 4,7?', 'RESISTOR DE CARBONO – 1/2W – 4,7?', '209', 98, '2', 500, 209),
('RESISTOR DE CARBONO – 1/2W – 470K?', 'RESISTOR DE CARBONO – 1/2W – 470K?', '210', 98, '2', 500, 210),
('RESISTOR DE CARBONO – 1/2W – 470?', 'RESISTOR DE CARBONO – 1/2W – 470?', '211', 98, '2', 500, 211),
('RESISTOR DE CARBONO – 1/2W – 47K?', 'RESISTOR DE CARBONO – 1/2W – 47K?', '212', 98, '2', 500, 212),
('RESISTOR DE CARBONO – 1/2W – 47?', 'RESISTOR DE CARBONO – 1/2W – 47?', '213', 98, '2', 500, 213),
('RESISTOR DE CARBONO – 1/2W – 5,6K?', 'RESISTOR DE CARBONO – 1/2W – 5,6K?', '214', 98, '2', 500, 214),
('RESISTOR DE CARBONO – 1/2W – 560K?', 'RESISTOR DE CARBONO – 1/2W – 560K?', '215', 98, '2', 500, 215),
('RESISTOR DE CARBONO – 1/2W – 560?', 'RESISTOR DE CARBONO – 1/2W – 560?', '216', 98, '2', 500, 216),
('RESISTOR DE CARBONO – 1/2W – 56K?', 'RESISTOR DE CARBONO – 1/2W – 56K?', '217', 98, '2', 500, 217),
('RESISTOR DE CARBONO – 1/2W – 56?', 'RESISTOR DE CARBONO – 1/2W – 56?', '218', 98, '2', 500, 218),
('RESISTOR DE CARBONO – 1/2W – 6,8?', 'RESISTOR DE CARBONO – 1/2W – 6,8?', '219', 98, '2', 500, 219),
('RESISTOR DE CARBONO – 1/2W – 680?', 'RESISTOR DE CARBONO – 1/2W – 680?', '220', 98, '2', 500, 220),
('RESISTOR DE CARBONO – 1/2W – 68K?', 'RESISTOR DE CARBONO – 1/2W – 68K?', '221', 98, '2', 500, 221),
('RESISTOR DE CARBONO – 1/2W – 68?', 'RESISTOR DE CARBONO – 1/2W – 68?', '222', 98, '2', 500, 222),
('RESISTOR DE CARBONO – 1/2W – 7,5?', 'RESISTOR DE CARBONO – 1/2W – 7,5?', '223', 98, '2', 500, 223),
('RESISTOR DE CARBONO – 1/2W – 820K?', 'RESISTOR DE CARBONO – 1/2W – 820K?', '224', 98, '2', 500, 224),
('RESISTOR DE CARBONO – 1/2W – 820?', 'RESISTOR DE CARBONO – 1/2W – 820?', '225', 98, '2', 500, 225),
('RESISTOR DE CARBONO – 1/2W – 82K?', 'RESISTOR DE CARBONO – 1/2W – 82K?', '226', 98, '2', 500, 226),
('RESISTOR DE CARBONO – 1/2W – 82?', 'RESISTOR DE CARBONO – 1/2W – 82?', '227', 98, '2', 500, 227),
('SENSOR DE LUZ LDR 400MW', 'SENSOR DE LUZ LDR 400MW', '228', 98, '2', 100, 228),
('TERMINAL TIPO GARRA DE JACARÉ PRETO – WD025', 'TERMINAL TIPO GARRA DE JACARÉ PRETO – WD025', '229', 98, '2', 100, 229),
('TERMINAL TIPO GARRA DE JACARÉ PRETO – WD026', 'TERMINAL TIPO GARRA DE JACARÉ PRETO – WD026', '230', 98, '2', 100, 230),
('TERMINAL TIPO GARRA DE JACARÉ PRETO – WD027', 'TERMINAL TIPO GARRA DE JACARÉ PRETO – WD027', '231', 98, '2', 100, 231),
('TERMINAL TIPO GARRA DE JACARÉ VERMELHO – WD025', 'TERMINAL TIPO GARRA DE JACARÉ VERMELHO – WD025', '232', 98, '2', 100, 232),
('TERMINAL TIPO GARRA DE JACARÉ VERMELHO – WD026', 'TERMINAL TIPO GARRA DE JACARÉ VERMELHO – WD026', '233', 98, '2', 100, 233),
('TERMINAL TIPO GARRA DE JACARÉ VERMELHO – WD027', 'TERMINAL TIPO GARRA DE JACARÉ VERMELHO – WD027', '234', 98, '2', 100, 234),
('TRANSISTOR – 2N2222', 'TRANSISTOR – 2N2222', '235', 98, '2', 100, 235),
('TRANSISTOR – 2N2369', 'TRANSISTOR – 2N2369', '236', 98, '2', 100, 236),
('TRANSISTOR – 2N3055', 'TRANSISTOR – 2N3055', '237', 98, '2', 100, 237),
('TRANSISTOR – 42A52', 'TRANSISTOR – 42A52', '238', 98, '2', 100, 238),
('TRANSISTOR - 331', 'TRANSISTOR - 331', '239', 98, '2', 100, 239),
('TRANSISTOR – BC327 (PNP)', 'TRANSISTOR – BC327 (PNP)', '240', 98, '2', 100, 240),
('TRANSISTOR – BC337 (NPN)', 'TRANSISTOR – BC337 (NPN)', '241', 98, '2', 100, 241),
('TRANSISTOR – BC547 (NPN)', 'TRANSISTOR – BC547 (NPN)', '242', 98, '2', 100, 242),
('TRANSISTOR – BC548 (NPN)', 'TRANSISTOR – BC548 (NPN)', '243', 98, '2', 100, 243),
('TRANSISTOR – BC557', 'TRANSISTOR – BC557', '244', 98, '2', 100, 244),
('TRANSISTOR – BC558', 'TRANSISTOR – BC558', '245', 98, '2', 100, 245),
('TRANSISTOR – BD135', 'TRANSISTOR – BD135', '246', 98, '2', 100, 246),
('TRANSISTOR – BD138', 'TRANSISTOR – BD138', '247', 98, '2', 100, 247),
('TRANSISTOR – F245', 'TRANSISTOR – F245', '248', 98, '2', 100, 248),
('TRANSISTOR - LM35', 'TRANSISTOR - LM35', '249', 98, '2', 100, 249),
('TRANSISTOR – F423', 'TRANSISTOR – F423', '250', 98, '2', 100, 250),
('TRANSISTOR – IRFP 250 – 31N50 LPBF', 'TRANSISTOR – IRFP 250 – 31N50 LPBF', '251', 98, '2', 100, 251),
('TRANSISTOR – MPSA42', 'TRANSISTOR – MPSA42', '252', 98, '2', 100, 252),
('TRANSISTOR – MPSA92', 'TRANSISTOR – MPSA92', '253', 98, '2', 100, 253),
('TRANSISTOR – TIP41', 'TRANSISTOR – TIP41', '254', 98, '2', 100, 254),
('TRANSISTOR BIPOLAR – IRFP360', 'TRANSISTOR BIPOLAR – IRFP360', '255', 98, '2', 100, 255),
('TRANSISTOR BIPOLAR – IRFZ48', 'TRANSISTOR BIPOLAR – IRFZ48', '256', 98, '2', 100, 256),
('TRANSISTOR BIPOLAR – TIP31', 'TRANSISTOR BIPOLAR – TIP31', '257', 98, '2', 100, 257),
('TRANSISTOR BIPOLAR – TIP32', 'TRANSISTOR BIPOLAR – TIP32', '258', 98, '2', 100, 258),
('TRIAC 8A 600V – BT137', 'TRIAC 8A 600V – BT137', '259', 98, '2', 100, 259),
('TRIMPOT MULTIVOLTAS 3006P – 100K?', 'TRIMPOT MULTIVOLTAS 3006P – 100K?', '260', 98, '2', 50, 260),
('TRIMPOT MULTIVOLTAS 3006P – 100?', 'TRIMPOT MULTIVOLTAS 3006P – 100?', '261', 98, '2', 50, 261),
('TRIMPOT MULTIVOLTAS 3006P – 10K?', 'TRIMPOT MULTIVOLTAS 3006P – 10K?', '262', 98, '2', 50, 262),
('TRIMPOT MULTIVOLTAS 3006P – 1K?', 'TRIMPOT MULTIVOLTAS 3006P – 1K?', '263', 98, '2', 50, 263),
('TRIMPOT MULTIVOLTAS 3006P – 500K?', 'TRIMPOT MULTIVOLTAS 3006P – 500K?', '264', 98, '2', 50, 264),
('TRIMPOT MULTIVOLTAS 3006P – 50K?', 'TRIMPOT MULTIVOLTAS 3006P – 50K?', '265', 98, '2', 50, 265),
('TRIMPOT MULTIVOLTAS 3296D – 100K?', 'TRIMPOT MULTIVOLTAS 3296D – 100K?', '266', 98, '2', 50, 266),
('ALTO FALANTE 5W 8OHMS', 'ALTO FALANTE 5W 8OHMS', '267', 98, '2', 20, 267),
('CRISTAIS - 16MHZ', 'CRISTAIS - 16MHZ', '268', 98, '2', 50, 268),
('CRISTAIS - 20MHZ', 'CRISTAIS - 20MHZ', '269', 98, '2', 50, 269),
('CIRCUITO INTEGRADO - 74HC163', 'CIRCUITO INTEGRADO - 74HC163', '270', 98, '2', 200, 270),
('BUZZER (ativo ou passivo?) - 5V', 'BUZZER (ativo ou passivo?) - 5V', '271', 98, '2', 100, 271),
('CIRCUITO INTEGRADO - L293', 'CIRCUITO INTEGRADO - L293', '272', 98, '2', 200, 272),
('Cabos de Gerador de Função BNC - BNC', 'Cabos de Gerador de Função BNC - BNC', '273', 98, '2', 16, 273),
('Cabos de Gerador de Função BNC - jacaré', 'Cabos de Gerador de Função BNC - jacaré', '274', 98, '2', 50, 274),
('Ponta de prova multimetro', 'Ponta de prova multimetro', '275', 98, '2', 27, 275),
('Banana Macho 4mm Preto', 'Banana Macho 4mm Preto', '276', 98, '2', 100, 276),
('Banana Macho 4mm Vermelho', 'Banana Macho 4mm Vermelho', '277', 98, '2', 100, 277),
('Banana Macho 4mm Verde', 'Banana Macho 4mm Verde', '278', 98, '2', 0, 278),
('CAPAC ELETRO 2,2UFX63V BIPOLAR', 'CAPAC ELETRO 2,2UFX63V BIPOLAR', '279', 98, '2', 100, 279),
('CAPAC ELETRO 4,7UFX50V (NAO SMD)', 'CAPAC ELETRO 4,7UFX50V (NAO SMD)', '280', 98, '2', 100, 280),
('CAPACITOR CERÂMICO/POLIÉTER 250V – 47NF', 'CAPACITOR CERÂMICO/POLIÉTER 250V – 47NF', '281', 98, '2', 100, 281);

-- --------------------------------------------------------

--
-- Table structure for table `produtos_semestre`
--

CREATE TABLE `produtos_semestre` (
  `id_semestre` varchar(6) NOT NULL,
  `id_produto` int(6) NOT NULL,
  `quantidade` int(6) NOT NULL,
  `catmat` int(6) NOT NULL
) ENGINE=InnoDB DEFAULT CHARSET=utf8;

--
-- Dumping data for table `produtos_semestre`
--

INSERT INTO `produtos_semestre` (`id_semestre`, `id_produto`, `quantidade`, `catmat`) VALUES
('2023S2', 1, 58, 123451),
('2023S2', 2, 70, 0),
('2023S2', 3, 88, 0),
('2023S2', 4, 76, 0),
('2023S2', 5, 97, 0),
('2023S2', 6, 95, 0),
('2023S2', 7, 988, 0),
('2023S2', 8, 84, 0),
('2023S2', 9, 92, 0),
('2023S2', 10, 96, 0),
('2023S2', 11, 51, 0),
('2023S2', 12, 99, 0),
('2023S2', 13, 131, 0),
('2023S2', 14, 0, 0),
('2023S2', 15, 0, 0),
('2023S2', 16, 24, 0),
('2023S2', 17, 12, 0),
('2023S2', 18, 36, 0),
('2023S2', 19, 34, 0),
('2023S2', 20, 36, 0),
('2023S2', 21, 484, 0),
('2023S2', 22, 445, 0),
('2023S2', 23, 68, 0),
('2023S2', 24, 249, 0),
('2023S2', 25, 85, 0),
('2023S2', 26, 128, 0),
('2023S2', 27, 498, 0),
('2023S2', 28, 29, 0),
('2023S2', 29, 16, 0),
('2023S2', 30, 161, 0),
('2023S2', 31, 263, 0),
('2023S2', 32, 80, 0),
('2023S2', 33, 99, 0),
('2023S2', 34, 102, 0),
('2023S2', 35, 98, 0),
('2023S2', 36, 79, 0),
('2023S2', 37, 54, 0),
('2023S2', 38, 199, 0),
('2023S2', 39, 102, 0),
('2023S2', 40, 129, 0),
('2023S2', 41, 0, 0),
('2023S2', 42, 1054, 0),
('2023S2', 43, 88, 0),
('2023S2', 44, 96, 0),
('2023S2', 45, 9, 0),
('2023S2', 46, 9, 0),
('2023S2', 47, 192, 0),
('2023S2', 48, 0, 0),
('2023S2', 49, 0, 0),
('2023S2', 50, 0, 0),
('2023S2', 51, 145, 0),
('2023S2', 52, 66, 0),
('2023S2', 53, 119, 0),
('2023S2', 54, 58, 0),
('2023S2', 55, 97, 0),
('2023S2', 56, 100, 0),
('2023S2', 57, 97, 0),
('2023S2', 58, 0, 0),
('2023S2', 59, 229, 0),
('2023S2', 60, 141, 0),
('2023S2', 61, 112, 0),
('2023S2', 62, 200, 0),
('2023S2', 63, 81, 0),
('2023S2', 64, 585, 0),
('2023S2', 65, 116, 0),
('2023S2', 66, 13, 0),
('2023S2', 67, 566, 0),
('2023S2', 68, 95, 0),
('2023S2', 69, 11, 0),
('2023S2', 70, 482, 0),
('2023S2', 71, 100, 0),
('2023S2', 72, 99, 0),
('2023S2', 73, 0, 0),
('2023S2', 74, 9, 0),
('2023S2', 75, 96, 0),
('2023S2', 76, 1412, 0),
('2023S2', 77, 1818, 0),
('2023S2', 78, 180, 0),
('2023S2', 79, 0, 0),
('2023S2', 80, 14, 0),
('2023S2', 81, 505, 0),
('2023S2', 82, 11, 0),
('2023S2', 83, 890, 0),
('2023S2', 84, 976, 0),
('2023S2', 85, 363, 0),
('2023S2', 86, 0, 0),
('2023S2', 87, 26, 0),
('2023S2', 88, 0, 0),
('2023S2', 89, 93, 0),
('2023S2', 90, 171, 0),
('2023S2', 91, 13, 0),
('2023S2', 92, 56, 0),
('2023S2', 93, 764, 0),
('2023S2', 94, 48, 0),
('2023S2', 95, 795, 0),
('2023S2', 96, 0, 0),
('2023S2', 97, 0, 0),
('2023S2', 98, 0, 0),
('2023S2', 99, 24, 0),
('2023S2', 100, 529, 0),
('2023S2', 101, 17, 0),
('2023S2', 102, 503, 0),
('2023S2', 103, 502, 0),
('2023S2', 104, 484, 0),
('2023S2', 105, 414, 0),
('2023S2', 106, 487, 0),
('2023S2', 107, 445, 0),
('2023S2', 108, 313, 0),
('2023S2', 109, 115, 0),
('2023S2', 110, 2, 0),
('2023S2', 111, 42, 0),
('2023S2', 112, 12, 0),
('2023S2', 113, 21, 0),
('2023S2', 114, 477, 0),
('2023S2', 115, 7, 0),
('2023S2', 116, 15, 0),
('2023S2', 117, 0, 0),
('2023S2', 118, 71, 0),
('2023S2', 119, 1, 0),
('2023S2', 120, 90, 0),
('2023S2', 121, 5, 0),
('2023S2', 122, 184, 0),
('2023S2', 123, 68, 0),
('2023S2', 124, 94, 0),
('2023S2', 125, 230, 0),
('2023S2', 126, 129, 0),
('2023S2', 127, 199, 0),
('2023S2', 128, 102, 0),
('2023S2', 129, 101, 0),
('2023S2', 130, 105, 0),
('2023S2', 131, 992, 0),
('2023S2', 132, 956, 0),
('2023S2', 133, 989, 0),
('2023S2', 134, 51, 0),
('2023S2', 135, 50, 0),
('2023S2', 136, 48, 0),
('2023S2', 137, 51, 0),
('2023S2', 138, 47, 0),
('2023S2', 139, 49, 0),
('2023S2', 140, 45, 0),
('2023S2', 141, 42, 0),
('2023S2', 142, 141, 0),
('2023S2', 143, 593, 0),
('2023S2', 144, 165, 0),
('2023S2', 145, 91, 0),
('2023S2', 146, 97, 0),
('2023S2', 147, 100, 0),
('2023S2', 148, 96, 0),
('2023S2', 149, 0, 0),
('2023S2', 150, 180, 0),
('2023S2', 151, 99, 0),
('2023S2', 152, 1801, 0),
('2023S2', 153, 1795, 0),
('2023S2', 154, 1815, 0),
('2023S2', 155, 1975, 0),
('2023S2', 156, 656, 0),
('2023S2', 157, 621, 0),
('2023S2', 158, 938, 0),
('2023S2', 159, 1316, 0),
('2023S2', 160, 0, 0),
('2023S2', 161, 1968, 0),
('2023S2', 162, 1824, 0),
('2023S2', 163, 66, 0),
('2023S2', 164, 339, 0),
('2023S2', 165, 125, 0),
('2023S2', 166, 936, 0),
('2023S2', 167, 419, 0),
('2023S2', 168, 904, 0),
('2023S2', 169, 399, 0),
('2023S2', 170, 1071, 0),
('2023S2', 171, 942, 0),
('2023S2', 172, 928, 0),
('2023S2', 173, 1052, 0),
('2023S2', 174, 892, 0),
('2023S2', 175, 976, 0),
('2023S2', 176, 999, 0),
('2023S2', 177, 991, 0),
('2023S2', 178, 963, 0),
('2023S2', 179, 996, 0),
('2023S2', 180, 1009, 0),
('2023S2', 181, 1981, 0),
('2023S2', 182, 974, 0),
('2023S2', 183, 1059, 0),
('2023S2', 184, 955, 0),
('2023S2', 185, 623, 0),
('2023S2', 186, 996, 0),
('2023S2', 187, 1932, 0),
('2023S2', 188, 965, 0),
('2023S2', 189, 1583, 0),
('2023S2', 190, 1013, 0),
('2023S2', 191, 970, 0),
('2023S2', 192, 916, 0),
('2023S2', 193, 973, 0),
('2023S2', 194, 17, 0),
('2023S2', 195, 970, 0),
('2023S2', 196, 4, 0),
('2023S2', 197, 1216, 0),
('2023S2', 198, 1060, 0),
('2023S2', 199, 686, 0),
('2023S2', 200, 1024, 0),
('2023S2', 201, 1932, 0),
('2023S2', 202, 1044, 0),
('2023S2', 203, 1008, 0),
('2023S2', 204, 890, 0),
('2023S2', 205, 906, 0),
('2023S2', 206, 995, 0),
('2023S2', 207, 1021, 0),
('2023S2', 208, 977, 0),
('2023S2', 209, 1121, 0),
('2023S2', 210, 895, 0),
('2023S2', 211, 2411, 0),
('2023S2', 212, 961, 0),
('2023S2', 213, 1926, 0),
('2023S2', 214, 1926, 0),
('2023S2', 215, 987, 0),
('2023S2', 216, 933, 0),
('2023S2', 217, 1003, 0),
('2023S2', 218, 1020, 0),
('2023S2', 219, 1038, 0),
('2023S2', 220, 1758, 0),
('2023S2', 221, 965, 0),
('2023S2', 222, 1010, 0),
('2023S2', 223, 1070, 0),
('2023S2', 224, 1031, 0),
('2023S2', 225, 1558, 0),
('2023S2', 226, 990, 0),
('2023S2', 227, 1018, 0),
('2023S2', 228, 191, 0),
('2023S2', 229, 142, 0),
('2023S2', 230, 174, 0),
('2023S2', 231, 142, 0),
('2023S2', 232, 147, 0),
('2023S2', 233, 126, 0),
('2023S2', 234, 133, 0),
('2023S2', 235, 141, 0),
('2023S2', 236, 18, 0),
('2023S2', 237, 91, 0),
('2023S2', 238, 201, 0),
('2023S2', 239, 36, 0),
('2023S2', 240, 431, 0),
('2023S2', 241, 116, 0),
('2023S2', 242, 183, 0),
('2023S2', 243, 125, 0),
('2023S2', 244, 586, 0),
('2023S2', 245, 4, 0),
('2023S2', 246, 183, 0),
('2023S2', 247, 502, 0),
('2023S2', 248, 8, 0),
('2023S2', 249, 60, 0),
('2023S2', 250, 7, 0),
('2023S2', 251, 49, 0),
('2023S2', 252, 0, 0),
('2023S2', 253, 199, 0),
('2023S2', 254, 93, 0),
('2023S2', 255, 24, 0),
('2023S2', 256, 98, 0),
('2023S2', 257, 190, 0),
('2023S2', 258, 97, 0),
('2023S2', 259, 208, 0),
('2023S2', 260, 287, 0),
('2023S2', 261, 95, 0),
('2023S2', 262, 90, 0),
('2023S2', 263, 79, 0),
('2023S2', 264, 99, 0),
('2023S2', 265, 50, 0),
('2023S2', 266, 107, 0),
('2023S2', 267, 29, 0),
('2023S2', 268, 95, 0),
('2023S2', 269, 91, 0),
('2023S2', 270, 50, 0),
('2023S2', 271, 30, 0),
('2023S2', 272, 30, 0),
('2023S2', 273, 16, 0),
('2023S2', 274, 53, 0),
('2023S2', 275, 7, 0),
('2023S2', 276, 0, 0),
('2023S2', 277, 0, 0),
('2023S2', 278, 0, 0),
('2023S2', 279, 176, 0),
('2023S2', 280, 104, 0),
('2023S2', 281, 108, 0);

-- --------------------------------------------------------

--
-- Table structure for table `semestre`
--

CREATE TABLE `semestre` (
  `id` varchar(6) NOT NULL,
  `ano` int(4) NOT NULL,
  `numero` int(1) NOT NULL
) ENGINE=InnoDB DEFAULT CHARSET=utf8;

--
-- Dumping data for table `semestre`
--

INSERT INTO `semestre` (`id`, `ano`, `numero`) VALUES
('2019S1', 2019, 1),
('2019S2', 2019, 2),
('2020S1', 2020, 1),
('2020S2', 2020, 2),
('2021S1', 2021, 1),
('2021S2', 2021, 2),
('2022S1', 2022, 1),
('2022S2', 2022, 2),
('2023S1', 2023, 1),
('2023S2', 2023, 2),
('2024S1', 2024, 1);

-- --------------------------------------------------------

--
-- Table structure for table `usuarios`
--

CREATE TABLE `usuarios` (
  `ID` int(10) UNSIGNED NOT NULL,
  `username` varchar(30) NOT NULL,
  `senha` varchar(40) NOT NULL,
  `nome` varchar(80) NOT NULL,
  `email` varchar(60) NOT NULL,
  `dataUltimoAcesso` datetime NOT NULL,
  `dataCadastro` datetime NOT NULL,
  `tipoUsuario` int(2) NOT NULL DEFAULT '2'
) ENGINE=MyISAM DEFAULT CHARSET=utf8;

--
-- Dumping data for table `usuarios`
--

INSERT INTO `usuarios` (`ID`, `username`, `senha`, `nome`, `email`, `dataUltimoAcesso`, `dataCadastro`, `tipoUsuario`) VALUES
(1, 'rodrigoamf', '202cb962ac59075b964b07152d234b70', 'Rodrigo Araújo Marinho Franco', 'rodrigoamf@outlook.com', '2019-05-27 14:01:30', '2019-05-22 12:00:00', 1),
(133, 'lais-mr', '202cb962ac59075b964b07152d234b70', 'Laís Magalhães Rosa', 'lais.magalhaes13@gmail.com', '2019-07-01 15:20:12', '2019-06-06 14:27:33', 1),
(3, 'nadianogues', '202cb962ac59075b964b07152d234b70', 'Nadia Nogues de Almeida', 'nadianogues19@gmail.com', '2019-05-27 13:42:45', '2019-05-27 13:00:00', 2),
(4, 'gabii6431', '202cb962ac59075b964b07152d234b70', 'Gabriela dos Reis Garcia', 'gabii6431@gmail.com', '2019-05-30 15:43:03', '2019-05-27 13:00:00', 1),
(5, 'luziane', '202cb962ac59075b964b07152d234b70', 'luziane', 'freitas.lu@outlook.com', '2019-05-27 13:42:45', '2019-05-27 13:00:00', 2),
(6, 'naat-alves', '202cb962ac59075b964b07152d234b70', 'Natasha', 'nathy-ac@hotmail.com', '2019-05-27 15:41:12', '2019-05-27 13:00:00', 2),
(7, 'matheusmelo', '202cb962ac59075b964b07152d234b70', 'Matheus Augusto Melo dos Santos Franco', 'matheus.franco@alunos.ifsuldeminas.edu.br', '2019-06-24 14:59:59', '2019-05-27 13:00:00', 2),
(8, 'giovanna', '202cb962ac59075b964b07152d234b70', 'Giovanna Verola', 'giovanna.verola2016@gmail.com', '2019-05-27 13:42:45', '2019-05-27 13:00:00', 2),
(134, 'je', '202cb962ac59075b964b07152d234b70', 'jeremias', 'jeremias@uol.br', '2019-07-01 15:26:11', '2019-07-01 15:03:17', 2);

--
-- Indexes for dumped tables
--

--
-- Indexes for table `categoria`
--
ALTER TABLE `categoria`
  ADD PRIMARY KEY (`id`);

--
-- Indexes for table `emprestimo`
--
ALTER TABLE `emprestimo`
  ADD PRIMARY KEY (`idEmprestimo`);

--
-- Indexes for table `produtos`
--
ALTER TABLE `produtos`
  ADD PRIMARY KEY (`id`);

--
-- Indexes for table `produtos_semestre`
--
ALTER TABLE `produtos_semestre`
  ADD PRIMARY KEY (`id_semestre`,`id_produto`),
  ADD KEY `excluir_produto` (`id_produto`);

--
-- Indexes for table `semestre`
--
ALTER TABLE `semestre`
  ADD PRIMARY KEY (`id`);

--
-- Indexes for table `usuarios`
--
ALTER TABLE `usuarios`
  ADD PRIMARY KEY (`ID`);

--
-- AUTO_INCREMENT for dumped tables
--

--
-- AUTO_INCREMENT for table `categoria`
--
ALTER TABLE `categoria`
  MODIFY `id` int(6) NOT NULL AUTO_INCREMENT, AUTO_INCREMENT=99;

--
-- AUTO_INCREMENT for table `emprestimo`
--
ALTER TABLE `emprestimo`
  MODIFY `idEmprestimo` int(7) NOT NULL AUTO_INCREMENT;

--
-- AUTO_INCREMENT for table `produtos`
--
ALTER TABLE `produtos`
  MODIFY `id` int(6) NOT NULL AUTO_INCREMENT, AUTO_INCREMENT=282;

--
-- AUTO_INCREMENT for table `usuarios`
--
ALTER TABLE `usuarios`
  MODIFY `ID` int(10) UNSIGNED NOT NULL AUTO_INCREMENT, AUTO_INCREMENT=135;

--
-- Constraints for dumped tables
--

--
-- Constraints for table `produtos_semestre`
--
ALTER TABLE `produtos_semestre`
  ADD CONSTRAINT `excluir_produto` FOREIGN KEY (`id_produto`) REFERENCES `produtos` (`id`) ON DELETE CASCADE ON UPDATE CASCADE,
  ADD CONSTRAINT `excluir_semestre` FOREIGN KEY (`id_semestre`) REFERENCES `semestre` (`id`) ON DELETE CASCADE ON UPDATE CASCADE;
COMMIT;

/*!40101 SET CHARACTER_SET_CLIENT=@OLD_CHARACTER_SET_CLIENT */;
/*!40101 SET CHARACTER_SET_RESULTS=@OLD_CHARACTER_SET_RESULTS */;
/*!40101 SET COLLATION_CONNECTION=@OLD_COLLATION_CONNECTION */;
